timestamp,accuracy,f1
2025-10-30 15:13:45.512142,,0.0
2025-10-30 16:07:17.966825,0.9666666666666667,0.972972972972973
2025-10-31 08:27:19.693053,0.9333333333333333,0.9444444444444444
2025-11-01 08:24:05.939746,0.8666666666666667,0.8888888888888888
2025-11-02 08:23:28.533805,0.9333333333333333,0.95
2025-11-03 08:29:41.807449,0.9,0.9090909090909091
2025-11-04 08:29:28.668389,0.9333333333333333,0.9444444444444444
2025-11-05 08:29:33.685020,0.9,0.9090909090909091
2025-11-06 08:29:10.954299,0.8333333333333334,0.8837209302325582
2025-11-07 08:28:57.631690,0.9333333333333333,0.95
2025-11-08 08:25:13.156097,0.8333333333333334,0.8717948717948718
2025-11-09 08:23:27.385185,0.8666666666666667,0.9130434782608695
2025-11-10 08:30:16.633043,0.9,0.9230769230769231
2025-11-11 08:29:09.985249,0.8,0.85
2025-11-12 08:29:37.459505,0.9333333333333333,0.9583333333333334
2025-11-13 08:28:45.993085,0.8333333333333334,0.8780487804878049
2025-11-14 08:28:34.850236,0.9,0.918918918918919
2025-11-15 08:24:40.887425,0.9666666666666667,0.9743589743589743
2025-11-16 08:25:49.274149,0.9333333333333333,0.9411764705882353
2025-11-17 08:30:29.460571,0.9666666666666667,0.975609756097561
2025-11-18 08:29:26.445256,0.9666666666666667,0.9714285714285714
2025-11-19 08:29:28.246921,0.9333333333333333,0.9473684210526315
2025-11-20 08:29:35.238145,0.9333333333333333,0.9444444444444444
2025-11-21 08:29:49.061489,0.9,0.9333333333333333
2025-11-22 08:26:00.754945,0.9,0.9333333333333333
2025-11-23 08:26:13.220055,1.0,1.0
2025-11-24 08:30:40.621492,0.8666666666666667,0.9166666666666666
2025-11-25 08:29:46.683408,0.9,0.9302325581395349
2025-11-26 08:29:28.617828,0.8666666666666667,0.8888888888888888
2025-11-27 08:30:25.555247,0.9333333333333333,0.9473684210526315
2025-11-28 08:30:01.385782,0.9666666666666667,0.9743589743589743
2025-11-29 08:27:32.730627,0.9333333333333333,0.9523809523809523
2025-11-30 08:25:34.593902,0.9333333333333333,0.9523809523809523
2025-12-01 08:33:51.320138,0.9,0.9090909090909091
2025-12-02 08:31:28.496975,0.9,0.8571428571428571
2025-12-03 08:30:54.569272,0.8333333333333334,0.8571428571428571
2025-12-04 08:31:01.098982,0.9333333333333333,0.9444444444444444
2025-12-05 08:30:00.092971,0.8666666666666667,0.9
2025-12-06 08:26:55.149893,0.9,0.9032258064516129
2025-12-07 08:26:10.809255,0.9333333333333333,0.9545454545454546
2025-12-08 08:34:17.992068,0.9333333333333333,0.9523809523809523
2025-12-09 08:32:41.118676,0.8333333333333334,0.8717948717948718
2025-12-10 08:30:48.083419,0.8666666666666667,0.9047619047619048
2025-12-11 08:31:52.639247,0.9,0.9090909090909091
2025-12-12 08:31:59.881434,0.9,0.9302325581395349
2025-12-13 08:27:59.982989,1.0,1.0
2025-12-14 08:27:52.321586,0.9,0.9333333333333333
2025-12-15 08:34:19.884544,0.9666666666666667,0.972972972972973
2025-12-16 08:32:31.785784,0.8666666666666667,0.9
2025-12-17 08:32:17.511472,0.9,0.9032258064516129
2025-12-18 08:31:50.743981,0.9333333333333333,0.9444444444444444
2025-12-19 08:31:34.038265,0.9666666666666667,0.9743589743589743
2025-12-20 08:27:49.127310,1.0,1.0
2025-12-21 08:27:53.078421,0.9666666666666667,0.972972972972973
2025-12-22 08:32:42.416696,0.9,0.926829268292683
2025-12-23 08:31:46.529445,0.9333333333333333,0.9473684210526315
2025-12-24 08:31:30.657192,0.9,0.9142857142857143
2025-12-25 08:30:35.432866,0.9333333333333333,0.9411764705882353
2025-12-26 08:29:55.150004,0.9333333333333333,0.9411764705882353
2025-12-27 08:28:48.248102,0.8666666666666667,0.8947368421052632
2025-12-28 08:28:48.613982,0.9666666666666667,0.9767441860465116
2025-12-29 08:33:38.705210,0.9,0.926829268292683
2025-12-30 08:31:26.172464,0.9666666666666667,0.9714285714285714
2025-12-31 08:31:50.719187,0.9333333333333333,0.9545454545454546
2026-01-01 08:31:25.123324,0.9,0.9302325581395349
2026-01-02 08:31:31.417213,0.8666666666666667,0.8947368421052632
2026-01-03 08:29:28.521358,0.8,0.85
2026-01-04 08:29:49.363078,0.9333333333333333,0.95
2026-01-05 08:36:30.983760,0.9,0.9302325581395349
2026-01-06 08:33:04.451693,0.8666666666666667,0.8888888888888888
2026-01-07 08:32:58.493184,0.9333333333333333,0.9523809523809523
2026-01-08 08:32:50.054261,0.9,0.918918918918919
2026-01-09 08:33:15.397313,0.8666666666666667,0.9047619047619048
2026-01-10 08:28:31.781880,0.8333333333333334,0.8717948717948718
2026-01-11 08:28:54.005487,0.8666666666666667,0.9047619047619048
2026-01-12 08:35:16.334143,0.9666666666666667,0.9777777777777777
2026-01-13 08:33:06.585871,0.9,0.918918918918919
2026-01-14 08:33:03.248428,0.9,0.9090909090909091
2026-01-15 08:33:23.161827,0.8666666666666667,0.8947368421052632
